module,family,tensor_count,trainable_lora_params,percent_of_lora_params,l2_norm,abs_mean,zero_fraction
down_proj,mlp,72,7077888,0.21428571,13.924312,0.0041012308,0
gate_proj,mlp,72,7077888,0.21428571,13.919051,0.0023308965,0
k_proj,attention,72,2064384,0.0625,13.877331,0.0071609502,0
o_proj,attention,72,3833856,0.11607143,13.89861,0.0049499959,0
q_proj,attention,72,3833856,0.11607143,13.894446,0.0040120741,0
up_proj,mlp,72,7077888,0.21428571,13.917933,0.0023354214,0
v_proj,attention,72,2064384,0.0625,13.877974,0.0071661286,0
